SurveyTechnique,SurveyType
"grid trapping, counting",trapping; visual surveys
suction sampling,suction sampling
vaccuum,suction sampling
transects,transects
trapping,trapping
soil cores,soil sampling
scat surveys,scat surveys
sweep netting,sweep netting
pitfall traps,trapping
visual counts,visual surveys
soil samples,soil sampling
dung surveys,scat surveys
telemetry,telemetry
vaccuum sampling,suction sampling
quadrats,quadrats
spot-mapping,spot-mapping
point surveys,visual surveys
visual surveys,visual surveys
heat extraction,heat extraction
bait,baited observation
D-Vac,suction sampling
sweep nets,sweep nets
observation,visual surveys
visual observation,visual surveys
weighing,trapping
Sherman traps,trapping
Longworth live-traps,trapping
Sherman,trapping
1 hour times species counts,visual surveys
census,visual surveys
pitfall trapping,trapping
riffle with D-frame net,sweep nets
dropping counts,scat surveys
"Soil samples, Baermann funnels",soil samples
radio tag,telemetry
Point-counts,visual surveys
cloth dragging transect,transects
rope dragging and systematic search,rope dragging
point frame,quadrats
"pitfall traps, sweep netting, litter",trapping; sweep nets
point count,visual surveys
walking census,transects
bag and excise,trapping
live trapping,trapping
,
vole sign survey,visual surveys
count,visual surveys
soil sampling,soil sampling
"litter bags, soil samples",soil sampling; litter bags
pellet count,scat surveys
trench traps,trapping
quadrat sampling,quadrats
counts,visual surveys
variale circular plot,quadrats
pit traps,trapping
animal tracking,activity surveys
counted burrows,activity surveys
collection,trapping
bird counts,visual surveys
bird survey,visual surveys
electroshocking,electroshocking
sweep nets; baited traps,sweep nets; trapping
Visual and auditory surveys,visual surveys; auditory surveys
dry heat extraction in modified Berlese funnels,trapping
scat counts; pitfall traps,scat surveys; trapping
scat couts,scat surveys
tracking tunnel/artificial nest,activity surveys
Klett et al. (1986),flushing
pitfall traps; suction sampler,trapping; suction sampling
line transect,transects
dna extraction; soil microbial biomass carbon,soil sampling
wire ring,quadrats
surveyed colonies,activity surveys
pitfall trap; soil sieving,trapping; soil sampling
fecal samples/spotlight and netting,scat sampling; trapping
survey; baited traps,visual surveys; trapping
suction sampler,suction sampling
traps,trapping
direct measurement & photograph,visual surveys
live traps: mark-recapture,trapping
counting,visual surveys
"live trap, mark-recapture",trapping
root extraction/termial restriction fragment length polymorphism,soil sampling
soil core/wet sieving,soil sampling
"observation, telemetry",visual surveys; telemetry
pitfall & tracking,trapping; visual surveys
pitfall,trapping
light trap & transect,trapping; transect
transect; sweepnet,transect; sweep nets
photograph,visual surveys
sweepnet,sweep nets
territory mapping,telemetry
transect/observation,transects; visual surveys
"transect, suction sampling, pan traps, box quadrat, pitfall traps",transects; visual surveys; sweep nets; suction sampling
"pitfall, sweepnet, transect",trapping; sweep nets; transects
"Chloroform fumigation and direct extraction (Microbical C and N), Maximum potential activity (arylsulfatase)",soil sampling
"PVC live traps, ocular estimates, line-intercept",trapping; transect
"Sweep-net, ocular estimation",sweep nets
"Extractor, ocular estimation",soil sampling
Core extraction,soil sampling
Coring and transects,soil sampling; transects
Walk-in traps,trapping
"Robel pole, vane traps",trapping
"Flushing, leaf blower, quadrat - stratified",quadrats; flushing
Straified cores,soil sampling
"Robel pole, point count",quadrats; visual surveys
"transect vegetation height, ocular survey",visual surveys
"Radio collars, vertical strata",telemetry
Stratified coring,soil sampling
"Soil cores, stratified quadrats",soil sampling; quadrats
Systematic randomized coring,soil sampling
"Point-count, stratified quadrats",quadrats; visual surveys
Celluose based bait traps,trapping
pan trap,trapping
sweeps,sweep nets
camera traps,camera traps
suction,suction sampling
